Id,Transported
0,1
1,0
2,1
3,1
4,1
5,1
6,1
7,1
8,1
9,1
10,0
11,0
12,1
13,1
14,0
15,0
16,0
17,1
18,1
19,0
20,1
21,0
22,1
23,1
24,1
25,0
26,1
27,1
28,1
29,1
30,1
31,0
32,1
33,1
34,0
35,0
36,1
37,1
38,1
39,0
40,1
41,1
42,1
43,0
44,0
45,1
46,0
47,0
48,1
49,0
50,1
51,1
52,0
53,1
54,1
55,1
56,0
57,1
58,1
59,0
60,1
61,1
62,0
63,1
64,1
65,0
66,1
67,0
68,1
69,0
70,0
71,1
72,0
73,0
74,1
75,1
76,1
77,1
78,1
79,1
80,1
81,0
82,0
83,0
84,1
85,1
86,1
87,0
88,1
89,1
90,0
91,0
92,0
93,0
94,0
95,0
96,1
97,0
98,1
99,1
100,1
101,1
102,1
103,0
104,1
105,0
106,1
107,1
108,0
109,1
110,1
111,0
112,1
113,1
114,0
115,1
116,1
117,0
118,0
119,0
120,0
121,0
122,0
123,0
124,1
125,1
126,0
127,0
128,1
129,0
130,1
131,0
132,1
133,1
134,0
135,1
136,1
137,0
138,0
139,0
140,1
141,1
142,1
143,0
144,1
145,0
146,1
147,1
148,0
149,1
150,1
151,1
152,1
153,0
154,0
155,1
156,1
157,1
158,0
159,0
160,0
161,1
162,1
163,1
164,0
165,0
166,1
167,0
168,1
169,0
170,0
171,1
172,1
173,1
174,1
175,1
176,1
177,0
178,1
179,1
180,0
181,1
182,0
183,0
184,0
185,0
186,1
187,0
188,1
189,1
190,1
191,1
192,0
193,0
194,0
195,0
196,0
197,1
198,1
199,0
200,1
201,0
202,0
203,0
204,1
205,1
206,0
207,1
208,1
209,1
210,1
211,1
212,1
213,1
214,0
215,0
216,0
217,1
218,1
219,1
220,1
221,1
222,1
223,1
224,1
225,1
226,0
227,1
228,1
229,0
230,1
231,1
232,1
233,0
234,0
235,0
236,0
237,1
238,1
239,0
240,0
241,1
242,0
243,1
244,1
245,1
246,0
247,0
248,1
249,0
250,1
251,0
252,0
253,0
254,1
255,1
256,1
257,0
258,1
259,1
260,1
261,1
262,1
263,0
264,1
265,1
266,1
267,0
268,1
269,1
270,1
271,1
272,0
273,1
274,1
275,1
276,0
277,0
278,0
279,1
280,1
281,0
282,0
283,1
284,1
285,1
286,1
287,1
288,1
289,1
290,1
291,0
292,1
293,1
294,1
295,1
296,1
297,0
298,0
299,1
300,1
301,0
302,0
303,0
304,1
305,0
306,1
307,1
308,1
309,0
310,0
311,0
312,1
313,1
314,1
315,1
316,1
317,1
318,1
319,0
320,0
321,1
322,1
323,1
324,0
325,1
326,1
327,0
328,1
329,1
330,0
331,0
332,1
333,1
334,1
335,0
336,1
337,1
338,0
339,1
340,1
341,0
342,0
343,1
344,1
345,1
346,1
347,1
348,1
349,0
350,0
351,1
352,0
353,1
354,1
355,1
356,1
357,0
358,1
359,0
360,1
361,0
362,1
363,0
364,1
365,0
366,1
367,1
368,0
369,1
370,1
371,1
372,1
373,0
374,1
375,1
376,1
377,0
378,1
379,0
380,1
381,0
382,1
383,1
384,1
385,0
386,0
387,1
388,0
389,1
390,0
391,1
392,1
393,0
394,1
395,1
396,0
397,1
398,0
399,0
400,1
401,1
402,1
403,0
404,1
405,1
406,1
407,0
408,1
409,0
410,1
411,0
412,1
413,0
414,1
415,1
416,1
417,0
418,1
419,1
420,1
421,0
422,1
423,0
424,1
425,1
426,0
427,0
428,0
429,1
430,1
431,1
432,1
433,1
434,1
435,0
436,0
437,1
438,1
439,1
440,1
441,0
442,1
443,1
444,0
445,0
446,1
447,0
448,0
449,0
450,0
451,1
452,1
453,1
454,1
455,0
456,0
457,0
458,1
459,1
460,0
461,0
462,1
463,1
464,0
465,0
466,0
467,1
468,0
469,0
470,1
471,0
472,1
473,1
474,1
475,1
476,0
477,0
478,0
479,1
480,0
481,1
482,1
483,1
484,1
485,0
486,1
487,1
488,1
489,0
490,1
491,1
492,1
493,1
494,1
495,0
496,1
497,1
498,1
499,1
500,1
501,0
502,0
503,0
504,1
505,1
506,0
507,1
508,1
509,1
510,1
511,1
512,0
513,1
514,0
515,1
516,0
517,1
518,0
519,1
520,0
521,0
522,1
523,1
524,0
525,0
526,1
527,1
528,0
529,0
530,0
531,1
532,1
533,1
534,1
535,1
536,0
537,0
538,1
539,1
540,1
541,1
542,1
543,0
544,1
545,0
546,1
547,0
548,0
549,1
550,1
551,1
552,1
553,1
554,0
555,1
556,1
557,0
558,1
559,1
560,1
561,0
562,1
563,1
564,0
565,0
566,1
567,1
568,0
569,1
570,0
571,1
572,1
573,0
574,0
575,0
576,0
577,0
578,1
579,0
580,1
581,0
582,1
583,0
584,0
585,0
586,1
587,0
588,0
589,0
590,1
591,1
592,0
593,1
594,1
595,1
596,1
597,1
598,1
599,1
600,0
601,1
602,1
603,1
604,0
605,1
606,0
607,0
608,1
609,1
610,1
611,1
612,1
613,0
614,1
615,0
616,1
617,1
618,0
619,0
620,1
621,0
622,0
623,0
624,1
625,0
626,0
627,1
628,1
629,0
630,1
631,1
632,0
633,1
634,1
635,0
636,0
637,1
638,1
639,1
640,1
641,1
642,0
643,1
644,1
645,0
646,0
647,1
648,1
649,1
650,0
651,1
652,1
653,0
654,1
655,0
656,0
657,0
658,1
659,1
660,0
661,1
662,1
663,1
664,1
665,1
666,1
667,1
668,0
669,0
670,1
671,0
672,0
673,0
674,1
675,1
676,1
677,1
678,1
679,1
680,1
681,1
682,1
683,0
684,1
685,1
686,1
687,0
688,1
689,1
690,1
691,1
692,0
693,0
694,1
695,1
696,0
697,1
698,0
699,0
700,0
701,1
702,0
703,0
704,0
705,0
706,1
707,1
708,0
709,1
710,1
711,0
712,1
713,0
714,0
715,1
716,1
717,0
718,0
719,1
720,0
721,1
722,0
723,1
724,1
725,1
726,1
727,1
728,1
729,0
730,0
731,0
732,0
733,1
734,1
735,1
736,1
737,0
738,1
739,1
740,1
741,0
742,0
743,0
744,1
745,1
746,1
747,1
748,0
749,0
750,0
751,0
752,1
753,1
754,0
755,0
756,0
757,1
758,0
759,0
760,1
761,1
762,1
763,0
764,1
765,1
766,1
767,1
768,1
769,1
770,1
771,1
772,0
773,0
774,1
775,1
776,1
777,0
778,1
779,0
780,1
781,1
782,0
783,0
784,1
785,1
786,1
787,0
788,0
789,1
790,0
791,1
792,1
793,0
794,0
795,1
796,1
797,1
798,1
799,1
800,1
801,1
802,1
803,0
804,1
805,0
806,0
807,1
808,1
809,0
810,1
811,1
812,1
813,0
814,1
815,0
816,1
817,0
818,1
819,0
820,0
821,0
822,1
823,1
824,1
825,1
826,1
827,1
828,1
829,1
830,0
831,0
832,0
833,0
834,0
835,1
836,1
837,1
838,1
839,0
840,0
841,1
842,1
843,0
844,0
845,1
846,1
847,1
848,1
849,1
850,0
851,1
852,1
853,0
854,0
855,1
856,0
857,0
858,0
859,0
860,0
861,1
862,1
863,1
864,1
865,0
866,1
867,0
868,0
869,1
870,0
871,1
872,0
873,1
874,0
875,1
876,0
877,1
878,0
879,1
880,0
881,1
882,0
883,1
884,1
885,1
886,1
887,0
888,1
889,0
890,0
891,0
892,1
893,1
894,1
895,1
896,1
897,1
898,0
899,0
900,0
901,1
902,0
903,0
904,1
905,0
906,1
907,1
908,1
909,1
910,0
911,0
912,1
913,0
914,1
915,1
916,0
917,1
918,0
919,0
920,1
921,0
922,1
923,1
924,1
925,1
926,1
927,0
928,0
929,0
930,1
931,0
932,0
933,0
934,0
935,0
936,0
937,0
938,0
939,1
940,0
941,1
942,0
943,0
944,0
945,0
946,1
947,0
948,0
949,1
950,0
951,1
952,1
953,1
954,1
955,1
956,0
957,1
958,1
959,0
960,0
961,0
962,1
963,1
964,0
965,1
966,0
967,1
968,1
969,1
970,0
971,1
972,1
973,0
974,1
975,0
976,0
977,0
978,1
979,1
980,1
981,0
982,1
983,0
984,1
985,1
986,1
987,1
988,1
989,1
990,0
991,1
992,1
993,0
994,1
995,1
996,0
997,1
998,1
999,1
1000,1
1001,0
1002,1
1003,0
1004,0
1005,0
1006,1
1007,0
1008,1
1009,1
1010,0
1011,0
1012,0
1013,0
1014,1
1015,1
1016,0
1017,0
1018,0
1019,1
1020,1
1021,0
1022,1
1023,1
1024,1
1025,1
1026,1
1027,1
1028,1
1029,0
1030,0
1031,1
1032,1
1033,0
1034,1
1035,0
1036,0
1037,0
1038,1
1039,0
1040,0
1041,1
1042,1
1043,1
1044,0
1045,1
1046,1
1047,0
1048,0
1049,0
1050,1
1051,0
1052,0
1053,1
1054,1
1055,1
1056,1
1057,1
1058,1
1059,0
1060,0
1061,1
1062,1
1063,1
1064,1
1065,1
1066,0
1067,0
1068,0
1069,1
1070,0
1071,1
1072,1
1073,1
1074,0
1075,0
1076,1
1077,0
1078,0
1079,0
1080,0
1081,1
1082,1
1083,1
1084,1
1085,0
1086,1
1087,1
1088,1
1089,1
1090,1
1091,1
1092,0
1093,0
1094,0
1095,1
1096,0
1097,0
1098,1
1099,0
1100,1
1101,1
1102,0
1103,1
1104,1
1105,0
1106,1
1107,0
1108,1
1109,0
1110,1
1111,0
1112,0
1113,1
1114,0
1115,1
1116,1
1117,0
1118,1
1119,0
1120,0
1121,0
1122,1
1123,1
1124,1
1125,0
1126,1
1127,0
1128,1
1129,1
1130,0
1131,1
1132,1
1133,0
1134,0
1135,1
1136,0
1137,1
1138,0
1139,1
1140,1
1141,0
1142,0
1143,0
1144,1
1145,0
1146,1
1147,0
1148,0
1149,0
1150,1
1151,1
1152,1
1153,1
1154,1
1155,1
1156,1
1157,0
1158,1
1159,1
1160,0
1161,1
1162,0
1163,0
1164,1
1165,0
1166,1
1167,1
1168,0
1169,1
1170,0
1171,1
1172,1
1173,1
1174,0
1175,0
1176,1
1177,0
1178,0
1179,0
1180,1
1181,0
1182,0
1183,1
1184,1
1185,0
1186,0
1187,0
1188,0
1189,1
1190,0
1191,0
1192,1
1193,0
1194,1
1195,1
1196,1
1197,1
1198,0
1199,0
1200,0
1201,1
1202,1
1203,1
1204,1
1205,1
1206,1
1207,1
1208,1
1209,0
1210,1
1211,1
1212,1
1213,1
1214,1
1215,1
1216,1
1217,1
1218,1
1219,0
1220,1
1221,1
1222,1
1223,1
1224,1
1225,1
1226,1
1227,1
1228,1
1229,1
1230,0
1231,0
1232,0
1233,1
1234,0
1235,1
1236,1
1237,0
1238,0
1239,0
1240,1
1241,1
1242,0
1243,0
1244,1
1245,0
1246,1
1247,0
1248,1
1249,0
1250,1
1251,0
1252,1
1253,0
1254,0
1255,1
1256,1
1257,0
1258,1
1259,0
1260,1
1261,0
1262,1
1263,0
1264,0
1265,1
1266,1
1267,1
1268,0
1269,1
1270,1
1271,1
1272,1
1273,0
1274,0
1275,0
1276,1
1277,0
1278,1
1279,0
1280,1
1281,1
1282,0
1283,0
1284,1
1285,1
1286,1
1287,0
1288,0
1289,1
1290,1
1291,0
1292,0
1293,0
1294,1
1295,1
1296,0
1297,0
1298,0
1299,0
1300,0
1301,1
1302,1
1303,0
1304,1
1305,1
1306,1
1307,1
1308,1
1309,1
1310,1
1311,0
1312,1
1313,1
1314,1
1315,1
1316,0
1317,1
1318,1
1319,1
1320,1
1321,0
1322,1
1323,0
1324,1
1325,1
1326,1
1327,1
1328,1
1329,0
1330,1
1331,1
1332,0
1333,1
1334,0
1335,1
1336,0
1337,1
1338,1
1339,1
1340,1
1341,0
1342,0
1343,0
1344,0
1345,0
1346,1
1347,0
1348,1
1349,1
1350,1
1351,0
1352,1
1353,1
1354,1
1355,1
1356,1
1357,0
1358,0
1359,0
1360,1
1361,1
1362,0
1363,1
1364,0
1365,1
1366,1
1367,0
1368,1
1369,0
1370,0
1371,1
1372,0
1373,1
1374,0
1375,0
1376,0
1377,1
1378,1
1379,0
1380,0
1381,0
1382,1
1383,1
1384,1
1385,0
1386,0
1387,0
1388,0
1389,0
1390,0
1391,1
1392,1
1393,0
1394,0
1395,0
1396,1
1397,0
1398,0
1399,1
1400,0
1401,0
1402,0
1403,1
1404,0
1405,1
1406,1
1407,1
1408,1
1409,1
1410,0
1411,1
1412,1
1413,0
1414,1
1415,1
1416,1
1417,1
1418,1
1419,1
1420,0
1421,1
1422,1
1423,0
1424,0
1425,0
1426,1
1427,1
1428,0
1429,1
1430,0
1431,1
1432,1
1433,1
1434,1
1435,1
1436,0
1437,0
1438,1
1439,0
1440,1
1441,1
1442,1
1443,1
1444,0
1445,0
1446,1
1447,1
1448,1
1449,1
1450,1
1451,1
1452,1
1453,1
1454,1
1455,0
1456,0
1457,0
1458,1
1459,1
1460,0
1461,1
1462,0
1463,1
1464,0
1465,0
1466,1
1467,0
1468,0
1469,1
1470,0
1471,1
1472,1
1473,1
1474,1
1475,0
1476,0
1477,0
1478,0
1479,1
1480,1
1481,1
1482,0
1483,1
1484,0
1485,1
1486,0
1487,0
1488,1
1489,0
1490,0
1491,1
1492,1
1493,0
1494,0
1495,1
1496,0
1497,1
1498,0
1499,1
1500,1
1501,0
1502,0
1503,1
1504,1
1505,1
1506,0
1507,0
1508,1
1509,0
1510,1
1511,0
1512,0
1513,1
1514,0
1515,1
1516,0
1517,0
1518,1
1519,1
1520,1
1521,1
1522,1
1523,0
1524,1
1525,1
1526,0
1527,1
1528,0
1529,1
1530,1
1531,0
1532,1
1533,0
1534,0
1535,0
1536,1
1537,1
1538,0
1539,0
1540,1
1541,1
1542,1
1543,0
1544,0
1545,1
1546,0
1547,1
1548,1
1549,1
1550,0
1551,1
1552,0
1553,1
1554,0
1555,1
1556,1
1557,0
1558,1
1559,1
1560,0
1561,1
1562,0
1563,1
1564,1
1565,1
1566,1
1567,1
1568,1
1569,1
1570,0
1571,0
1572,0
1573,1
1574,1
1575,0
1576,1
1577,0
1578,1
1579,1
1580,1
1581,1
1582,0
1583,0
1584,1
1585,0
1586,0
1587,1
1588,1
1589,0
1590,0
1591,1
1592,1
1593,0
1594,0
1595,0
1596,1
1597,1
1598,0
1599,1
1600,1
1601,1
1602,0
1603,0
1604,1
1605,0
1606,1
1607,0
1608,0
1609,1
1610,0
1611,1
1612,0
1613,0
1614,0
1615,1
1616,1
1617,0
1618,1
1619,0
1620,0
1621,0
1622,1
1623,0
1624,1
1625,0
1626,1
1627,1
1628,0
1629,1
1630,1
1631,1
1632,0
1633,1
1634,0
1635,1
1636,1
1637,0
1638,0
1639,1
1640,1
1641,0
1642,0
1643,0
1644,1
1645,0
1646,0
1647,1
1648,0
1649,0
1650,0
1651,1
1652,0
1653,0
1654,1
1655,1
1656,0
1657,0
1658,1
1659,1
1660,0
1661,0
1662,0
1663,1
1664,1
1665,1
1666,0
1667,1
1668,1
1669,0
1670,1
1671,1
1672,0
1673,1
1674,1
1675,1
1676,1
1677,0
1678,1
1679,1
1680,1
1681,1
1682,0
1683,0
1684,0
1685,0
1686,1
1687,0
1688,1
1689,0
1690,0
1691,0
1692,1
1693,1
1694,0
1695,1
1696,1
1697,0
1698,0
1699,0
1700,1
1701,0
1702,1
1703,0
1704,1
1705,1
1706,0
1707,1
1708,1
1709,0
1710,1
1711,1
1712,1
1713,0
1714,0
1715,1
1716,1
1717,0
1718,1
1719,1
1720,1
1721,1
1722,0
1723,0
1724,0
1725,0
1726,1
1727,1
1728,1
1729,1
1730,1
1731,1
1732,0
1733,1
1734,1
1735,0
1736,1
1737,0
1738,1
1739,0
1740,0
1741,1
1742,1
1743,1
1744,1
1745,1
1746,1
1747,1
1748,1
1749,1
1750,0
1751,1
1752,1
1753,1
1754,1
1755,1
1756,0
1757,0
1758,1
1759,1
1760,0
1761,1
1762,1
1763,1
1764,0
1765,0
1766,0
1767,1
1768,1
1769,0
1770,0
1771,1
1772,1
1773,1
1774,1
1775,1
1776,1
1777,0
1778,0
1779,1
1780,1
1781,0
1782,0
1783,0
1784,1
1785,1
1786,0
1787,0
1788,1
1789,0
1790,0
1791,0
1792,1
1793,0
1794,1
1795,1
1796,1
1797,1
1798,1
1799,0
1800,0
1801,1
1802,1
1803,1
1804,1
1805,1
1806,1
1807,1
1808,0
1809,0
1810,1
1811,1
1812,0
1813,0
1814,1
1815,1
1816,1
1817,0
1818,1
1819,0
1820,0
1821,1
1822,0
1823,1
1824,0
1825,0
1826,1
1827,0
1828,0
1829,1
1830,1
1831,0
1832,0
1833,1
1834,0
1835,0
1836,1
1837,1
1838,1
1839,0
1840,0
1841,1
1842,0
1843,1
1844,0
1845,0
1846,0
1847,0
1848,0
1849,1
1850,1
1851,1
1852,1
1853,1
1854,0
1855,0
1856,0
1857,1
1858,0
1859,1
1860,0
1861,0
1862,1
1863,0
1864,1
1865,0
1866,0
1867,0
1868,1
1869,1
1870,1
1871,1
1872,1
1873,0
1874,0
1875,0
1876,1
1877,1
1878,1
1879,1
1880,1
1881,1
1882,1
1883,1
1884,1
1885,1
1886,1
1887,1
1888,1
1889,1
1890,1
1891,1
1892,1
1893,0
1894,0
1895,0
1896,1
1897,0
1898,0
1899,1
1900,1
1901,1
1902,1
1903,0
1904,1
1905,0
1906,0
1907,1
1908,0
1909,1
1910,1
1911,1
1912,1
1913,1
1914,0
1915,0
1916,1
1917,1
1918,1
1919,0
1920,0
1921,0
1922,0
1923,1
1924,0
1925,1
1926,0
1927,1
1928,1
1929,1
1930,0
1931,0
1932,0
1933,0
1934,1
1935,0
1936,1
1937,0
1938,1
1939,1
1940,1
1941,1
1942,0
1943,0
1944,1
1945,0
1946,1
1947,0
1948,1
1949,0
1950,1
1951,1
1952,0
1953,0
1954,0
1955,0
1956,1
1957,1
1958,0
1959,1
1960,0
1961,0
1962,0
1963,0
1964,1
1965,1
1966,1
1967,1
1968,1
1969,0
1970,0
1971,0
1972,1
1973,1
1974,1
1975,1
1976,1
1977,1
1978,1
1979,1
1980,0
1981,0
1982,1
1983,0
1984,0
1985,1
1986,1
1987,1
1988,0
1989,1
1990,1
1991,0
1992,0
1993,1
1994,1
1995,0
1996,0
1997,1
1998,1
1999,1
2000,0
2001,0
2002,1
2003,1
2004,0
2005,1
2006,1
2007,1
2008,1
2009,1
2010,0
2011,1
2012,1
2013,1
2014,0
2015,1
2016,1
2017,1
2018,0
2019,1
2020,0
2021,1
2022,1
2023,0
2024,1
2025,1
2026,1
2027,1
2028,0
2029,0
2030,1
2031,0
2032,1
2033,0
2034,1
2035,0
2036,1
2037,1
2038,0
2039,0
2040,0
2041,0
2042,0
2043,1
2044,1
2045,0
2046,0
2047,0
2048,0
2049,1
2050,0
2051,0
2052,1
2053,1
2054,0
2055,1
2056,1
2057,1
2058,1
2059,1
2060,1
2061,0
2062,1
2063,0
2064,0
2065,1
2066,1
2067,1
2068,1
2069,0
2070,1
2071,1
2072,0
2073,0
2074,0
2075,0
2076,0
2077,1
2078,0
2079,1
2080,0
2081,1
2082,1
2083,0
2084,1
2085,1
2086,0
2087,1
2088,1
2089,1
2090,0
2091,1
2092,0
2093,1
2094,0
2095,1
2096,0
2097,0
2098,1
2099,1
2100,1
2101,1
2102,1
2103,0
2104,0
2105,0
2106,0
2107,1
2108,1
2109,0
2110,0
2111,1
2112,1
2113,0
2114,0
2115,1
2116,1
2117,1
2118,0
2119,0
2120,1
2121,0
2122,0
2123,1
2124,1
2125,1
2126,0
2127,1
2128,0
2129,0
2130,0
2131,1
2132,1
2133,0
2134,0
2135,0
2136,1
2137,1
2138,1
2139,0
2140,0
2141,1
2142,1
2143,1
2144,1
2145,1
2146,1
2147,1
2148,1
2149,1
2150,1
2151,1
2152,0
2153,0
2154,0
2155,0
2156,0
2157,1
2158,1
2159,1
2160,0
2161,0
2162,0
2163,1
2164,1
2165,1
2166,1
2167,1
2168,1
2169,1
2170,1
2171,0
2172,1
2173,1
2174,1
2175,0
2176,0
2177,0
2178,1
2179,0
2180,1
2181,0
2182,1
2183,0
2184,0
2185,0
2186,1
2187,0
2188,1
2189,1
2190,0
2191,1
2192,0
2193,1
2194,1
2195,0
2196,0
2197,0
2198,1
2199,1
2200,1
2201,1
2202,1
2203,1
2204,1
2205,1
2206,1
2207,1
2208,1
2209,1
2210,1
2211,1
2212,0
2213,0
2214,1
2215,0
2216,0
2217,0
2218,0
2219,1
2220,0
2221,1
2222,1
2223,0
2224,1
2225,1
2226,0
2227,1
2228,0
2229,0
2230,1
2231,1
2232,1
2233,0
2234,0
2235,1
2236,0
2237,0
2238,0
2239,0
2240,0
2241,1
2242,1
2243,1
2244,1
2245,1
2246,0
2247,1
2248,0
2249,0
2250,0
2251,0
2252,0
2253,0
2254,0
2255,1
2256,1
2257,0
2258,1
2259,0
2260,0
2261,0
2262,0
2263,1
2264,0
2265,1
2266,1
2267,0
2268,1
2269,1
2270,0
2271,0
2272,0
2273,1
2274,0
2275,1
2276,0
2277,1
2278,1
2279,0
2280,1
2281,1
2282,1
2283,0
2284,1
2285,1
2286,1
2287,1
2288,1
2289,1
2290,0
2291,0
2292,1
2293,0
2294,1
2295,1
2296,0
2297,0
2298,1
2299,1
2300,0
2301,0
2302,0
2303,0
2304,0
2305,1
2306,1
2307,1
2308,1
2309,1
2310,0
2311,1
2312,0
2313,0
2314,1
2315,0
2316,1
2317,0
2318,1
2319,1
2320,1
2321,1
2322,1
2323,1
2324,0
2325,0
2326,0
2327,1
2328,1
2329,1
2330,1
2331,1
2332,1
2333,0
2334,0
2335,1
2336,0
2337,0
2338,1
2339,1
2340,1
2341,1
2342,0
2343,0
2344,0
2345,0
2346,1
2347,1
2348,0
2349,1
2350,1
2351,0
2352,0
2353,1
2354,0
2355,1
2356,1
2357,1
2358,1
2359,0
2360,0
2361,1
2362,1
2363,0
2364,0
2365,0
2366,1
2367,1
2368,1
2369,0
2370,1
2371,1
2372,1
2373,0
2374,1
2375,0
2376,1
2377,1
2378,0
2379,0
2380,0
2381,0
2382,1
2383,1
2384,0
2385,0
2386,0
2387,1
2388,1
2389,0
2390,0
2391,1
2392,1
2393,1
2394,0
2395,1
2396,0
2397,0
2398,0
2399,1
2400,1
2401,1
2402,1
2403,1
2404,0
2405,0
2406,0
2407,0
2408,1
2409,1
2410,1
2411,0
2412,1
2413,1
2414,0
2415,1
2416,0
2417,0
2418,0
2419,0
2420,0
2421,1
2422,1
2423,1
2424,1
2425,1
2426,0
2427,1
2428,1
2429,0
2430,1
2431,1
2432,1
2433,0
2434,0
2435,0
2436,1
2437,0
2438,1
2439,0
2440,0
2441,0
2442,0
2443,0
2444,1
2445,1
2446,1
2447,0
2448,1
2449,1
2450,1
2451,1
2452,1
2453,1
2454,0
2455,1
2456,1
2457,1
2458,1
2459,0
2460,0
2461,1
2462,1
2463,1
2464,0
2465,1
2466,0
2467,1
2468,0
2469,1
2470,1
2471,0
2472,1
2473,1
2474,1
2475,0
2476,1
2477,1
2478,1
2479,0
2480,0
2481,1
2482,0
2483,1
2484,0
2485,0
2486,1
2487,0
2488,0
2489,0
2490,1
2491,0
2492,1
2493,0
2494,1
2495,1
2496,0
2497,0
2498,0
2499,0
2500,1
2501,0
2502,0
2503,0
2504,0
2505,0
2506,0
2507,1
2508,1
2509,0
2510,1
2511,1
2512,1
2513,1
2514,1
2515,1
2516,0
2517,0
2518,0
2519,0
2520,1
2521,1
2522,0
2523,0
2524,0
2525,0
2526,0
2527,1
2528,1
2529,0
2530,1
2531,0
2532,1
2533,1
2534,1
2535,1
2536,1
2537,1
2538,0
2539,1
2540,1
2541,0
2542,0
2543,0
2544,1
2545,0
2546,1
2547,0
2548,1
2549,1
2550,1
2551,1
2552,1
2553,0
2554,0
2555,1
2556,1
2557,1
2558,1
2559,1
2560,0
2561,1
2562,1
2563,1
2564,0
2565,1
2566,1
2567,0
2568,1
2569,0
2570,0
2571,1
2572,1
2573,1
2574,0
2575,1
2576,0
2577,0
2578,1
2579,1
2580,1
2581,0
2582,1
2583,0
2584,0
2585,0
2586,0
2587,0
2588,0
2589,1
2590,0
2591,0
2592,1
2593,1
2594,1
2595,1
2596,1
2597,0
2598,1
2599,1
2600,1
2601,0
2602,0
2603,1
2604,1
2605,1
2606,0
2607,0
2608,1
2609,1
2610,1
2611,1
2612,0
2613,0
2614,1
2615,1
2616,0
2617,0
2618,0
2619,1
2620,0
2621,0
2622,0
2623,0
2624,1
2625,1
2626,0
2627,1
2628,1
2629,0
2630,1
2631,0
2632,0
2633,1
2634,1
2635,1
2636,0
2637,1
2638,1
2639,1
2640,1
2641,1
2642,0
2643,0
2644,1
2645,0
2646,0
2647,0
2648,0
2649,0
2650,0
2651,1
2652,0
2653,1
2654,1
2655,1
2656,1
2657,1
2658,1
2659,1
2660,0
2661,1
2662,0
2663,0
2664,1
2665,0
2666,1
2667,1
2668,1
2669,0
2670,1
2671,0
2672,1
2673,1
2674,1
2675,0
2676,0
2677,0
2678,0
2679,1
2680,0
2681,1
2682,0
2683,1
2684,1
2685,0
2686,0
2687,1
2688,0
2689,1
2690,1
2691,1
2692,1
2693,1
2694,1
2695,0
2696,0
2697,1
2698,1
2699,0
2700,1
2701,0
2702,1
2703,0
2704,1
2705,1
2706,0
2707,0
2708,1
2709,1
2710,1
2711,0
2712,1
2713,1
2714,1
2715,1
2716,0
2717,0
2718,1
2719,0
2720,1
2721,1
2722,1
2723,1
2724,0
2725,0
2726,0
2727,0
2728,1
2729,0
2730,0
2731,0
2732,1
2733,0
2734,1
2735,0
2736,1
2737,0
2738,1
2739,1
2740,1
2741,0
2742,0
2743,0
2744,0
2745,1
2746,0
2747,1
2748,0
2749,1
2750,1
2751,1
2752,1
2753,1
2754,1
2755,1
2756,1
2757,1
2758,0
2759,1
2760,1
2761,1
2762,1
2763,0
2764,1
2765,1
2766,0
2767,0
2768,1
2769,1
2770,1
2771,0
2772,0
2773,0
2774,1
2775,1
2776,0
2777,1
2778,1
2779,0
2780,0
2781,1
2782,1
2783,0
2784,1
2785,1
2786,1
2787,1
2788,1
2789,0
2790,0
2791,0
2792,1
2793,1
2794,1
2795,1
2796,1
2797,0
2798,1
2799,0
2800,1
2801,1
2802,0
2803,1
2804,0
2805,1
2806,0
2807,1
2808,1
2809,1
2810,1
2811,1
2812,0
2813,1
2814,0
2815,1
2816,1
2817,0
2818,0
2819,1
2820,1
2821,1
2822,1
2823,1
2824,0
2825,1
2826,0
2827,1
2828,1
2829,0
2830,1
2831,1
2832,1
2833,0
2834,0
2835,1
2836,1
2837,0
2838,0
2839,1
2840,1
2841,1
2842,1
2843,0
2844,0
2845,1
2846,1
2847,1
2848,1
2849,1
2850,1
2851,1
2852,0
2853,0
2854,0
2855,0
2856,1
2857,0
2858,1
2859,1
2860,0
2861,1
2862,1
2863,0
2864,1
2865,0
2866,1
2867,0
2868,0
2869,1
2870,1
2871,0
2872,0
2873,0
2874,1
2875,1
2876,1
2877,0
2878,0
2879,1
2880,1
2881,0
2882,0
2883,1
2884,1
2885,1
2886,0
2887,1
2888,1
2889,1
2890,1
2891,1
2892,1
2893,1
2894,0
2895,1
2896,1
2897,0
2898,1
2899,0
2900,0
2901,1
2902,1
2903,1
2904,0
2905,1
2906,0
2907,0
2908,1
2909,1
2910,1
2911,1
2912,1
2913,1
2914,0
2915,0
2916,0
2917,0
2918,1
2919,1
2920,0
2921,0
2922,1
2923,0
2924,1
2925,1
2926,0
2927,0
2928,1
2929,0
2930,0
2931,1
2932,1
2933,0
2934,0
2935,1
2936,0
2937,0
2938,1
2939,1
2940,1
2941,1
2942,1
2943,0
2944,0
2945,1
2946,0
2947,1
2948,0
2949,1
2950,1
2951,0
2952,0
2953,0
2954,1
2955,0
2956,1
2957,1
2958,1
2959,1
2960,1
2961,0
2962,0
2963,0
2964,1
2965,1
2966,1
2967,1
2968,1
2969,0
2970,0
2971,0
2972,1
2973,1
2974,1
2975,1
2976,0
2977,0
2978,1
2979,0
2980,0
2981,0
2982,1
2983,0
2984,1
2985,1
2986,1
2987,0
2988,0
2989,1
2990,1
2991,1
2992,0
2993,0
2994,1
2995,1
2996,1
2997,0
2998,1
2999,1
3000,0
3001,1
3002,0
3003,1
3004,1
3005,1
3006,0
3007,0
3008,1
3009,0
3010,1
3011,1
3012,1
3013,1
3014,0
3015,0
3016,0
3017,1
3018,0
3019,1
3020,1
3021,1
3022,1
3023,1
3024,0
3025,1
3026,1
3027,1
3028,1
3029,1
3030,0
3031,1
3032,0
3033,1
3034,1
3035,1
3036,1
3037,0
3038,1
3039,1
3040,1
3041,0
3042,1
3043,0
3044,1
3045,1
3046,0
3047,0
3048,0
3049,1
3050,0
3051,1
3052,1
3053,1
3054,1
3055,1
3056,0
3057,1
3058,0
3059,1
3060,0
3061,1
3062,0
3063,0
3064,0
3065,0
3066,1
3067,0
3068,1
3069,0
3070,1
3071,0
3072,0
3073,1
3074,1
3075,0
3076,1
3077,0
3078,0
3079,0
3080,0
3081,1
3082,0
3083,1
3084,0
3085,1
3086,1
3087,1
3088,1
3089,0
3090,1
3091,0
3092,1
3093,1
3094,1
3095,1
3096,0
3097,1
3098,1
3099,1
3100,1
3101,0
3102,0
3103,1
3104,1
3105,1
3106,0
3107,1
3108,0
3109,0
3110,0
3111,0
3112,1
3113,1
3114,1
3115,1
3116,1
3117,1
3118,1
3119,0
3120,1
3121,0
3122,0
3123,1
3124,1
3125,0
3126,0
3127,0
3128,1
3129,0
3130,1
3131,0
3132,0
3133,0
3134,0
3135,1
3136,1
3137,0
3138,0
3139,1
3140,1
3141,0
3142,1
3143,0
3144,1
3145,1
3146,1
3147,1
3148,1
3149,1
3150,1
3151,0
3152,0
3153,0
3154,1
3155,1
3156,1
3157,1
3158,1
3159,1
3160,1
3161,1
3162,1
3163,0
3164,1
3165,1
3166,0
3167,0
3168,0
3169,1
3170,1
3171,1
3172,1
3173,1
3174,1
3175,0
3176,0
3177,0
3178,1
3179,0
3180,1
3181,1
3182,0
3183,0
3184,1
3185,0
3186,0
3187,0
3188,1
3189,0
3190,1
3191,0
3192,1
3193,1
3194,1
3195,1
3196,1
3197,1
3198,1
3199,1
3200,1
3201,0
3202,0
3203,0
3204,1
3205,0
3206,1
3207,0
3208,0
3209,1
3210,1
3211,0
3212,0
3213,0
3214,1
3215,1
3216,1
3217,1
3218,0
3219,1
3220,1
3221,0
3222,1
3223,0
3224,1
3225,0
3226,1
3227,0
3228,1
3229,1
3230,1
3231,1
3232,0
3233,0
3234,0
3235,1
3236,0
3237,1
3238,1
3239,0
3240,1
3241,1
3242,1
3243,0
3244,1
3245,1
3246,0
3247,1
3248,1
3249,1
3250,1
3251,0
3252,0
3253,1
3254,1
3255,0
3256,1
3257,1
3258,1
3259,1
3260,1
3261,1
3262,0
3263,0
3264,1
3265,0
3266,0
3267,1
3268,0
3269,1
3270,0
3271,0
3272,0
3273,1
3274,1
3275,0
3276,0
3277,1
3278,0
3279,0
3280,0
3281,1
3282,1
3283,1
3284,1
3285,1
3286,1
3287,1
3288,0
3289,1
3290,1
3291,0
3292,1
3293,1
3294,0
3295,1
3296,1
3297,1
3298,0
3299,1
3300,1
3301,1
3302,0
3303,1
3304,1
3305,1
3306,0
3307,1
3308,1
3309,1
3310,0
3311,1
3312,1
3313,0
3314,0
3315,1
3316,0
3317,1
3318,0
3319,1
3320,0
3321,0
3322,1
3323,1
3324,1
3325,0
3326,1
3327,0
3328,1
3329,1
3330,1
3331,0
3332,0
3333,1
3334,0
3335,1
3336,1
3337,1
3338,1
3339,1
3340,0
3341,0
3342,0
3343,1
3344,1
3345,0
3346,0
3347,1
3348,1
3349,0
3350,1
3351,0
3352,0
3353,1
3354,1
3355,0
3356,0
3357,1
3358,1
3359,1
3360,0
3361,1
3362,0
3363,0
3364,1
3365,0
3366,1
3367,0
3368,1
3369,0
3370,1
3371,1
3372,1
3373,0
3374,1
3375,1
3376,0
3377,1
3378,1
3379,1
3380,1
3381,0
3382,0
3383,1
3384,1
3385,1
3386,0
3387,1
3388,1
3389,0
3390,1
3391,1
3392,1
3393,1
3394,0
3395,0
3396,0
3397,0
3398,0
3399,1
3400,1
3401,0
3402,1
3403,0
3404,1
3405,1
3406,1
3407,1
3408,0
3409,0
3410,1
3411,0
3412,1
3413,1
3414,1
3415,0
3416,0
3417,1
3418,0
3419,0
3420,1
3421,0
3422,1
3423,1
3424,0
3425,0
3426,1
3427,1
3428,1
3429,0
3430,1
3431,0
3432,0
3433,0
3434,0
3435,1
3436,1
3437,1
3438,1
3439,1
3440,0
3441,1
3442,1
3443,1
3444,0
3445,1
3446,1
3447,0
3448,0
3449,0
3450,1
3451,1
3452,1
3453,1
3454,0
3455,1
3456,1
3457,1
3458,1
3459,1
3460,0
3461,1
3462,1
3463,0
3464,1
3465,1
3466,0
3467,1
3468,0
3469,1
3470,1
3471,0
3472,1
3473,0
3474,0
3475,0
3476,1
3477,0
3478,0
3479,0
3480,0
3481,1
3482,0
3483,0
3484,1
3485,1
3486,1
3487,1
3488,1
3489,1
3490,1
3491,1
3492,1
3493,1
3494,0
3495,1
3496,0
3497,0
3498,0
3499,1
3500,0
3501,1
3502,1
3503,0
3504,1
3505,1
3506,0
3507,0
3508,0
3509,1
3510,1
3511,0
3512,1
3513,1
3514,1
3515,1
3516,1
3517,0
3518,1
3519,0
3520,1
3521,1
3522,1
3523,1
3524,1
3525,1
3526,0
3527,1
3528,1
3529,0
3530,1
3531,0
3532,1
3533,1
3534,0
3535,0
3536,0
3537,1
3538,0
3539,1
3540,1
3541,1
3542,1
3543,1
3544,1
3545,1
3546,1
3547,1
3548,1
3549,1
3550,1
3551,0
3552,0
3553,0
3554,1
3555,0
3556,1
3557,1
3558,0
3559,1
3560,0
3561,1
3562,0
3563,1
3564,0
3565,1
3566,1
3567,1
3568,0
3569,1
3570,1
3571,0
3572,1
3573,1
3574,1
3575,0
3576,1
3577,0
3578,0
3579,1
3580,0
3581,0
3582,1
3583,1
3584,0
3585,1
3586,1
3587,1
3588,0
3589,1
3590,0
3591,1
3592,0
3593,1
3594,0
3595,1
3596,1
3597,0
3598,1
3599,0
3600,0
3601,1
3602,1
3603,0
3604,1
3605,0
3606,1
3607,1
3608,0
3609,0
3610,1
3611,1
3612,1
3613,0
3614,1
3615,1
3616,1
3617,1
3618,1
3619,1
3620,1
3621,0
3622,0
3623,0
3624,0
3625,0
3626,1
3627,0
3628,1
3629,0
3630,1
3631,1
3632,1
3633,0
3634,1
3635,1
3636,1
3637,1
3638,0
3639,0
3640,0
3641,0
3642,1
3643,1
3644,1
3645,1
3646,0
3647,0
3648,1
3649,0
3650,1
3651,0
3652,1
3653,1
3654,0
3655,1
3656,1
3657,1
3658,1
3659,1
3660,0
3661,1
3662,1
3663,0
3664,1
3665,1
3666,0
3667,0
3668,0
3669,0
3670,0
3671,0
3672,1
3673,1
3674,1
3675,1
3676,1
3677,1
3678,1
3679,1
3680,0
3681,0
3682,0
3683,1
3684,1
3685,1
3686,0
3687,1
3688,0
3689,0
3690,1
3691,1
3692,1
3693,0
3694,1
3695,1
3696,1
3697,1
3698,1
3699,1
3700,1
3701,0
3702,1
3703,0
3704,0
3705,0
3706,1
3707,0
3708,1
3709,1
3710,0
3711,1
3712,1
3713,1
3714,1
3715,1
3716,1
3717,0
3718,0
3719,1
3720,1
3721,1
3722,0
3723,0
3724,1
3725,1
3726,1
3727,0
3728,1
3729,0
3730,1
3731,1
3732,1
3733,1
3734,0
3735,1
3736,1
3737,0
3738,1
3739,0
3740,1
3741,1
3742,1
3743,0
3744,1
3745,0
3746,0
3747,0
3748,1
3749,0
3750,0
3751,0
3752,0
3753,0
3754,1
3755,1
3756,0
3757,1
3758,1
3759,1
3760,0
3761,1
3762,1
3763,0
3764,0
3765,0
3766,1
3767,1
3768,1
3769,1
3770,1
3771,1
3772,0
3773,1
3774,0
3775,0
3776,0
3777,1
3778,0
3779,1
3780,1
3781,1
3782,1
3783,1
3784,1
3785,0
3786,1
3787,1
3788,0
3789,1
3790,0
3791,0
3792,1
3793,1
3794,1
3795,1
3796,1
3797,0
3798,0
3799,0
3800,1
3801,1
3802,0
3803,0
3804,1
3805,0
3806,0
3807,1
3808,0
3809,1
3810,0
3811,0
3812,0
3813,0
3814,0
3815,1
3816,1
3817,1
3818,0
3819,0
3820,0
3821,0
3822,1
3823,1
3824,1
3825,1
3826,0
3827,1
3828,0
3829,1
3830,1
3831,0
3832,1
3833,1
3834,1
3835,1
3836,0
3837,0
3838,1
3839,1
3840,0
3841,1
3842,1
3843,1
3844,1
3845,1
3846,1
3847,1
3848,0
3849,1
3850,0
3851,0
3852,1
3853,1
3854,1
3855,0
3856,1
3857,1
3858,0
3859,0
3860,1
3861,0
3862,1
3863,1
3864,1
3865,0
3866,1
3867,1
3868,1
3869,0
3870,1
3871,0
3872,1
3873,1
3874,0
3875,1
3876,0
3877,1
3878,0
3879,0
3880,1
3881,0
3882,1
3883,1
3884,1
3885,0
3886,0
3887,0
3888,0
3889,1
3890,1
3891,0
3892,1
3893,0
3894,1
3895,0
3896,0
3897,0
3898,1
3899,1
3900,1
3901,0
3902,0
3903,1
3904,1
3905,0
3906,1
3907,1
3908,0
3909,1
3910,0
3911,1
3912,0
3913,1
3914,1
3915,0
3916,0
3917,1
3918,1
3919,1
3920,0
3921,0
3922,0
3923,1
3924,0
3925,1
3926,0
3927,0
3928,0
3929,1
3930,1
3931,1
3932,1
3933,1
3934,0
3935,0
3936,1
3937,1
3938,0
3939,0
3940,0
3941,0
3942,1
3943,1
3944,1
3945,1
3946,0
3947,1
3948,1
3949,1
3950,1
3951,0
3952,1
3953,0
3954,1
3955,0
3956,1
3957,1
3958,0
3959,0
3960,0
3961,1
3962,1
3963,1
3964,1
3965,1
3966,0
3967,1
3968,0
3969,0
3970,0
3971,0
3972,1
3973,1
3974,1
3975,1
3976,1
3977,0
3978,1
3979,1
3980,1
3981,0
3982,1
3983,0
3984,1
3985,1
3986,0
3987,1
3988,1
3989,0
3990,1
3991,1
3992,1
3993,1
3994,0
3995,1
3996,0
3997,0
3998,1
3999,0
4000,1
4001,1
4002,0
4003,0
4004,1
4005,1
4006,0
4007,0
4008,1
4009,1
4010,0
4011,0
4012,0
4013,0
4014,1
4015,1
4016,0
4017,0
4018,0
4019,0
4020,0
4021,1
4022,0
4023,0
4024,0
4025,1
4026,0
4027,0
4028,0
4029,1
4030,1
4031,0
4032,1
4033,0
4034,1
4035,1
4036,0
4037,0
4038,1
4039,0
4040,1
4041,1
4042,0
4043,1
4044,1
4045,1
4046,0
4047,0
4048,1
4049,1
4050,1
4051,1
4052,1
4053,1
4054,1
4055,0
4056,0
4057,1
4058,1
4059,0
4060,0
4061,1
4062,0
4063,0
4064,0
4065,1
4066,1
4067,0
4068,1
4069,0
4070,1
4071,1
4072,0
4073,1
4074,0
4075,1
4076,1
4077,0
4078,1
4079,1
4080,1
4081,1
4082,0
4083,1
4084,0
4085,1
4086,1
4087,1
4088,0
4089,0
4090,1
4091,1
4092,1
4093,1
4094,1
4095,1
4096,1
4097,0
4098,0
4099,1
4100,1
4101,1
4102,1
4103,1
4104,1
4105,1
4106,1
4107,1
4108,0
4109,1
4110,0
4111,0
4112,1
4113,0
4114,1
4115,0
4116,0
4117,1
4118,0
4119,0
4120,0
4121,0
4122,0
4123,0
4124,1
4125,0
4126,0
4127,1
4128,0
4129,1
4130,0
4131,0
4132,1
4133,1
4134,0
4135,0
4136,1
4137,0
4138,0
4139,1
4140,1
4141,0
4142,1
4143,1
4144,0
4145,1
4146,0
4147,0
4148,0
4149,1
4150,0
4151,0
4152,0
4153,1
4154,0
4155,1
4156,0
4157,1
4158,1
4159,0
4160,1
4161,0
4162,1
4163,1
4164,0
4165,0
4166,0
4167,1
4168,1
4169,1
4170,0
4171,1
4172,1
4173,1
4174,0
4175,0
4176,0
4177,0
4178,1
4179,1
4180,1
4181,0
4182,1
4183,0
4184,1
4185,0
4186,1
4187,1
4188,1
4189,1
4190,0
4191,1
4192,0
4193,1
4194,0
4195,0
4196,0
4197,1
4198,1
4199,0
4200,1
4201,1
4202,1
4203,1
4204,0
4205,1
4206,1
4207,1
4208,0
4209,0
4210,0
4211,0
4212,0
4213,0
4214,0
4215,1
4216,1
4217,1
4218,1
4219,0
4220,0
4221,1
4222,1
4223,1
4224,0
4225,0
4226,1
4227,1
4228,1
4229,1
4230,0
4231,1
4232,0
4233,1
4234,0
4235,0
4236,0
4237,1
4238,0
4239,1
4240,1
4241,1
4242,0
4243,0
4244,1
4245,0
4246,1
4247,0
4248,1
4249,1
4250,0
4251,1
4252,0
4253,1
4254,0
4255,1
4256,1
4257,0
4258,1
4259,1
4260,0
4261,0
4262,1
4263,0
4264,1
4265,1
4266,1
4267,1
4268,1
4269,1
4270,1
4271,1
4272,1
4273,1
4274,1
4275,1
4276,1
